split,model,ndcg@10,map,error
Fold1,baseline,0.20590516702475548,0.4695375487552222,
Fold1,pointwise_linear,0.19144727080072949,0.4648075254096299,
Fold1,lambdamart,0.47018871846367744,0.6138792411881798,
