model,ndcg@10,map
lambdamart,0.47018871846367744,0.6138792411881798
baseline,0.20590516702475548,0.4695375487552222
pointwise_linear,0.19144727080072949,0.4648075254096299
