model,ndcg@10,map
lambdamart,0.4733283044250052,0.6138945989366539
baseline,0.20867746784478586,0.46860638474914645
pointwise_linear,0.2010886066129763,0.46871955154675476
